"ContactId","FirstName","LastName","Email","Phone","Street","City","State","PostalCode","LastUpdated"
"C0001","Noah","Davis","noah.davis49@example.org","(815) 786-3977","9029 Cedar Ln","Denver","MA","97983","2025-05-13"
"C0002","Emma","Brown","emma.brown65@example.org","(501) 624-6952","4872 River Dr","Atlanta","MA","25740","2026-04-22"
"C0003","Sophia","Garcia","sophia.garcia66@example.org","(736) 561-4607","8558 Cedar Ln","Dallas","TX","39738","2024-11-17"
"C0004","Emma","Williams","emma.williams56@example.org","(599) 939-8358","8364 River Dr","Atlanta","IL","42071","2025-03-25"
"C0005","Sophia","Garcia","sophia.garcia83@example.org","(812) 835-2693","1562 Cedar Ln","Denver","CO","72641","2024-12-24"
"C0006","Elijah","Miller","elijah.miller24@example.org","(539) 516-3959","8451 Maple St","Phoenix","WA","29742","2026-06-15"
"C0007","Mason","Smith","mason.smith52@example.org","(963) 348-7215","3435 Elm St","Seattle","IL","90414","2025-03-05"
"C0008","Noah","Jones","noah.jones51@example.org","(316) 824-3249","8165 Elm St","Seattle","AZ","71645","2024-12-22"
"C0009","Ava","Jones","ava.jones9@example.org","(838) 382-6634","5686 Oak Ave","Denver","AZ","23296","2025-04-22"
"C0010","Emma","Miller","emma.miller44@example.org","(232) 221-3272","5963 Elm St","Boston","AZ","94521","2024-11-29"
"C0011","Olivia","Davis","olivia.davis30@example.org","(478) 607-5616","9818 Elm St","Atlanta","WA","49790","2025-11-18"
"C0012","Olivia","Jones","olivia.jones35@example.org","(615) 773-1180","8710 Oak Ave","Atlanta","IL","15244","2025-09-07"
"C0013","Liam","Davis","liam.davis55@example.org","(798) 959-1595","6719 River Dr","Denver","CO","55231","2024-09-03"
"C0014","Liam","Williams","liam.williams21@example.org","(629) 561-3328","8295 River Dr","Chicago","IL","84499","2025-10-12"
"C0015","Liam","Garcia","liam.garcia6@example.org","(269) 747-5132","2226 Pine Rd","Boston","GA","19994","2025-07-21"
"C0016","Sophia","Garcia","sophia.garcia46@example.org","(547) 573-7733","9462 River Dr","Phoenix","FL","19460","2026-04-05"
"C0017","Elijah","Davis","elijah.davis94@example.org","(907) 280-3345","7197 River Dr","Miami","IL","46030","2024-12-13"
"C0018","Mason","Smith","mason.smith94@example.org","(389) 252-3103","8888 Elm St","Chicago","TX","42908","2025-06-26"
"C0019","Olivia","Davis","olivia.davis74@example.org","(568) 921-3968","5278 Oak Ave","Boston","AZ","24646","2026-02-06"
"C0020","Elijah","Jones","elijah.jones65@example.org","(390) 304-6161","5555 Cedar Ln","Seattle","AZ","75259","2025-10-21"
"C0021","Olivia","Davis","olivia.davis4@example.org","(718) 485-9814","6910 Cedar Ln","Atlanta","IL","50414","2026-06-21"
"C0022","Olivia","Jones","olivia.jones7@example.org","(922) 300-1481","5233 Elm St","Boston","WA","98387","2025-03-07"
"C0023","Olivia","Jones","olivia.jones9@example.org","(765) 806-1240","5134 Pine Rd","Phoenix","AZ","25778","2025-04-28"
"C0024","Liam","Williams","liam.williams43@example.org","(233) 642-8433","6295 Elm St","Phoenix","GA","16836","2025-03-08"
"C0025","Olivia","Jones","olivia.jones43@example.org","(234) 208-6129","7048 River Dr","Boston","FL","57148","2026-07-06"
"C0026","Sophia","Garcia","sophia.garcia68@example.org","(286) 231-1136","9021 Pine Rd","Dallas","MA","87006","2025-06-03"
"C0027","Emma","Jones","emma.jones30@example.org","(829) 319-7117","6768 Maple St","Seattle","MA","52373","2026-03-28"
"C0028","Ava","Jones","ava.jones7@example.org","(625) 367-8617","3727 Oak Ave","Boston","WA","62961","2026-05-11"
"C0029","Mason","Johnson","mason.johnson2@example.org","(558) 680-4616","7270 Elm St","Denver","AZ","93667","2025-10-16"
"C0030","Noah","Williams","noah.williams66@example.org","(419) 577-6070","1853 Maple St","Atlanta","CO","66827","2025-08-16"
"C0031","Mason","Garcia","mason.garcia12@example.org","(207) 675-8610","9433 River Dr","Phoenix","WA","67963","2025-05-07"
"C0032","Emma","Miller","emma.miller89@example.org","(498) 770-6010","6070 River Dr","Denver","FL","75348","2026-02-16"
"C0033","Ava","Johnson","ava.johnson29@example.org","(994) 611-7477","9862 River Dr","Seattle","IL","40822","2025-08-28"
"C0034","Mason","Williams","mason.williams6@example.org","(394) 989-4601","7500 Elm St","Denver","WA","31771","2025-06-06"
"C0035","Sophia","Miller","sophia.miller70@example.org","(311) 729-8590","7022 Elm St","Chicago","CO","17893","2024-12-27"
"C0036","Olivia","Jones","olivia.jones51@example.org","(846) 749-2300","9481 Oak Ave","Dallas","AZ","32118","2026-06-18"
"C0037","Elijah","Jones","elijah.jones67@example.org","(630) 933-6670","7280 Cedar Ln","Miami","GA","48292","2025-12-23"
"C0038","Sophia","Smith","sophia.smith83@example.org","(495) 686-3422","8175 River Dr","Chicago","FL","49933","2025-04-06"
"C0039","Ava","Garcia","ava.garcia93@example.org","(505) 224-3585","9990 Elm St","Atlanta","WA","77056","2025-05-17"
"C0040","Elijah","Johnson","elijah.johnson31@example.org","(242) 664-9029","2032 Oak Ave","Chicago","WA","72672","2025-01-17"
"C0041","Sophia","Williams","sophia.williams70@example.org","(869) 416-9092","8434 Maple St","Phoenix","AZ","67599","2025-05-07"
"C0042","Elijah","Miller","elijah.miller89@example.org","(271) 730-9284","1329 Oak Ave","Dallas","IL","91493","2026-03-27"
"C0043","Emma","Garcia","emma.garcia60@example.org","(220) 369-6102","9211 Pine Rd","Chicago","IL","16175","2026-06-27"
"C0044","Liam","Jones","liam.jones14@example.org","(765) 756-6175","9242 River Dr","Seattle","WA","45029","2025-12-01"
"C0045","Emma","Garcia","emma.garcia46@example.org","(753) 589-5833","1512 Elm St","Atlanta","CO","37009","2024-11-22"
"C0046","Noah","Williams","noah.williams84@example.org","(572) 370-5129","325 Elm St","Seattle","AZ","74725","2025-08-13"
"C0047","Mason","Davis","mason.davis56@example.org","(683) 200-7145","5069 River Dr","Seattle","WA","23951","2026-07-26"
"C0048","Ava","Smith","ava.smith70@example.org","(728) 500-7160","7369 Cedar Ln","Dallas","AZ","81219","2025-10-22"
