"RecordId","Organization","Attention","AddressLine1","AddressLine2","City","Region","Country","PostalCode","IsPrimary","CreatedDate"
"INT-0001","Org-236","Mason Brown","3103 Maple St","","Denver","Europe","Brazil","339049990","False","2024-07-22"
"INT-0002","Org-252","Elijah Garcia","9703 Maple St","","Atlanta","Asia-Pacific","Brazil","37524","False","2024-01-07"
"INT-0003","Org-047","Elijah Davis","3609 Pine Rd","Suite 741","Phoenix","North America","Mexico","24982","False","2025-10-15"
"INT-0004","Org-243","Elijah Smith","8927 River Dr","","Seattle","South America","India","91246","True","2023-12-19"
"INT-0005","Org-259","Sophia Brown","3834 Elm St","","Denver","Europe","Mexico","36071","False","2024-08-22"
"INT-0006","Org-294","Mason Garcia","2881 Elm St","Suite 904","Phoenix","Asia-Pacific","Mexico","64917","False","2024-12-18"
"INT-0007","Org-019","Ava Brown","280 River Dr","","Miami","North America","Canada","84888","False","2024-09-15"
"INT-0008","Org-227","Emma Garcia","3905 Oak Ave","","Dallas","Asia-Pacific","Germany","13137","True","2025-05-22"
"INT-0009","Org-334","Ava Jones","3999 River Dr","Suite 942","Boston","North America","Japan","53690","False","2024-10-31"
"INT-0010","Org-158","Noah Williams","6870 Elm St","","Phoenix","South America","Japan","83453","False","2024-08-07"
"INT-0011","Org-029","Emma Smith","1940 Pine Rd","","Phoenix","Asia-Pacific","Brazil","64679","False","2026-03-31"
"INT-0012","Org-061","Noah Johnson","5445 River Dr","Suite 552","Miami","North America","Japan","19861","True","2023-10-04"
"INT-0013","Org-097","Noah Smith","1968 Maple St","","Denver","Europe","United Kingdom","35314","False","2024-07-28"
"INT-0014","Org-268","Liam Davis","8747 Cedar Ln","","Seattle","North America","United Kingdom","97986","False","2023-09-11"
"INT-0015","Org-250","Noah Brown","3680 Maple St","Suite 142","Boston","Europe","Canada","16499","False","2025-08-31"
"INT-0016","Org-334","Mason Miller","8046 Maple St","","Miami","Asia-Pacific","Canada","40778","True","2025-12-10"
"INT-0017","Org-334","Noah Brown","4069 Maple St","","Atlanta","Europe","Mexico","98771","False","2024-01-26"
"INT-0018","Org-160","Elijah Johnson","1614 River Dr","Suite 916","Denver","North America","United States","91307","False","2026-07-24"
"INT-0019","Org-136","Liam Williams","8101 Cedar Ln","","Phoenix","North America","United Kingdom","60893","False","2025-11-23"
"INT-0020","Org-137","Mason Miller","7605 River Dr","","Miami","Asia-Pacific","United States","60503","True","2026-04-02"
"INT-0021","Org-115","Liam Williams","8229 River Dr","Suite 519","Seattle","Asia-Pacific","Canada","37879","False","2023-07-04"
"INT-0022","Org-058","Emma Johnson","5676 Maple St","","Chicago","Europe","United Kingdom","52425","False","2024-08-23"
"INT-0023","Org-305","Emma Jones","684 Oak Ave","","Seattle","South America","Japan","14790","False","2024-04-16"
"INT-0024","Org-337","Emma Davis","6724 Oak Ave","Suite 878","Seattle","Asia-Pacific","United States","49777","True","2025-11-15"
"INT-0025","Org-123","Noah Williams","2237 Oak Ave","","Seattle","North America","Japan","79395","False","2025-05-25"
"INT-0026","Org-179","Ava Brown","4564 Elm St","","Denver","Asia-Pacific","Germany","98382","False","2026-01-02"
"INT-0027","Org-316","Ava Jones","9904 Cedar Ln","Suite 638","Seattle","South America","Canada","65685","False","2024-01-21"
"INT-0028","Org-191","Ava Brown","5213 Maple St","","Dallas","Asia-Pacific","Canada","10161","True","2025-11-24"
"INT-0029","Org-025","Noah Williams","4536 Pine Rd","","Dallas","North America","Brazil","27321","False","2024-02-13"
"INT-0030","Org-049","Ava Williams","3124 Oak Ave","Suite 657","Dallas","Europe","United Kingdom","99027","False","2023-10-29"
"INT-0031","Org-238","Liam Jones","9641 Maple St","","Phoenix","Asia-Pacific","United Kingdom","46580","False","2023-08-26"
"INT-0032","Org-191","Elijah Garcia","8337 Elm St","","Dallas","Europe","Mexico","39288","True","2025-08-04"
"INT-0033","Org-295","Ava Davis","6428 Cedar Ln","Suite 747","Phoenix","South America","United Kingdom","14861","False","2025-08-23"
"INT-0034","Org-197","Ava Williams","3891 Maple St","","Boston","South America","Mexico","27420","False","2025-08-31"
"INT-0035","Org-323","Sophia Davis","5936 Maple St","","Dallas","South America","Brazil","46169","False","2024-03-28"
"INT-0036","Org-105","Liam Miller","117 Elm St","Suite 352","Miami","South America","Mexico","13797","True","2024-06-04"
"INT-0037","Org-022","Noah Jones","9843 River Dr","","Seattle","South America","Germany","54058","False","2026-05-31"
"INT-0038","Org-317","Liam Smith","9206 Oak Ave","","Phoenix","North America","Brazil","51536","False","2024-08-30"
"INT-0039","Org-289","Ava Williams","9869 Oak Ave","Suite 378","Dallas","Europe","India","84358","False","2026-06-14"
"INT-0040","Org-018","Liam Jones","8610 Pine Rd","","Chicago","Europe","United States","71746","True","2026-06-16"
"INT-0041","Org-264","Elijah Miller","3930 Maple St","","Denver","North America","Brazil","36536","False","2023-09-19"
"INT-0042","Org-001","Sophia Brown","8407 River Dr","Suite 120","Denver","Europe","Germany","34635","False","2024-03-27"
"INT-0043","Org-298","Mason Smith","8561 River Dr","","Atlanta","North America","India","79422","False","2025-02-26"
"INT-0044","Org-128","Sophia Jones","721 Oak Ave","","Denver","Europe","Canada","69885","True","2025-10-06"
"INT-0045","Org-095","Olivia Garcia","345 Oak Ave","Suite 697","Boston","Asia-Pacific","Brazil","63564","False","2023-07-12"
"INT-0046","Org-157","Emma Williams","9032 Oak Ave","","Denver","Europe","Canada","32688","False","2026-06-19"
"INT-0047","Org-230","Olivia Brown","6360 Maple St","","Miami","Asia-Pacific","India","43657","False","2026-06-07"
"INT-0048","Org-155","Elijah Smith","4571 Oak Ave","Suite 717","Miami","Europe","Mexico","67393","True","2026-01-27"
"INT-0049","Org-133","Liam Brown","9157 Pine Rd","","Dallas","North America","Japan","98619","False","2026-05-20"
"INT-0050","Org-032","Emma Johnson","6109 Maple St","","Atlanta","South America","Canada","83141","False","2026-07-21"
"INT-0051","Org-052","Ava Jones","5044 Pine Rd","Suite 430","Boston","Europe","United Kingdom","71867","False","2023-09-12"
"INT-0052","Org-297","Olivia Garcia","2786 Pine Rd","","Miami","Europe","Germany","67361","True","2024-08-22"
"INT-0053","Org-284","Emma Garcia","3536 Cedar Ln","","Boston","Asia-Pacific","Mexico","31463","False","2024-09-15"
"INT-0054","Org-171","Emma Miller","61 Pine Rd","Suite 629","Miami","South America","Japan","46217","False","2024-09-16"
"INT-0055","Org-148","Noah Johnson","2422 Elm St","","Dallas","South America","Germany","57691","False","2024-05-23"
"INT-0056","Org-159","Liam Brown","3333 Cedar Ln","","Seattle","North America","Japan","62454","True","2026-07-21"
"INT-0057","Org-102","Noah Smith","4060 Pine Rd","Suite 933","Boston","Asia-Pacific","Germany","97379","False","2025-09-03"
"INT-0058","Org-253","Liam Smith","3905 Maple St","","Boston","North America","India","51883","False","2024-12-01"
"INT-0059","Org-221","Mason Garcia","342 Oak Ave","","Chicago","Europe","Germany","14814","False","2023-11-20"
"INT-0060","Org-185","Emma Brown","2889 Maple St","Suite 261","Boston","Asia-Pacific","India","52120","True","2025-04-15"
"INT-0061","Org-329","Olivia Brown","7311 River Dr","","Atlanta","Asia-Pacific","United Kingdom","77217","False","2026-06-10"
"INT-0062","Org-053","Ava Brown","6581 Cedar Ln","","Chicago","South America","United States","77426","False","2025-12-04"
"INT-0063","Org-083","Mason Johnson","7489 Oak Ave","Suite 810","Denver","South America","Japan","15940988","False","2025-10-04"
"INT-0064","Org-330","Elijah Smith","6894 Maple St","","Seattle","South America","Mexico","86372","True","2024-03-23"
"INT-0065","Org-051","Noah Davis","3795 Oak Ave","","Miami","Europe","United Kingdom","98514","False","2025-05-02"
"INT-0066","Org-268","Ava Williams","1630 Oak Ave","Suite 460","Denver","South America","United States","68517","False","2024-05-08"
"INT-0067","Org-228","Mason Davis","2061 Maple St","","Dallas","Asia-Pacific","Brazil","73372","False","2026-05-06"
"INT-0068","Org-260","Elijah Brown","910 Pine Rd","","Dallas","South America","United States","93486","True","2026-03-29"
"INT-0069","Org-241","Elijah Miller","4854 River Dr","Suite 719","Miami","South America","Germany","86603","False","2023-09-03"
"INT-0070","Org-086","Liam Smith","4928 Cedar Ln","","Phoenix","North America","Canada","58045","False","2024-06-11"
"INT-0071","Org-048","Noah Williams","237 Oak Ave","","Boston","North America","Japan","17784","False","2025-08-30"
"INT-0072","Org-120","Liam Jones","28 Elm St","Suite 949","Dallas","South America","Brazil","48030","True","2024-10-19"
