"EntryId","EntryDate","Client","ProjectCode","Consultant","TaskCode","Hours","BillRate","Amount","IsBillable","BillingStatus","Notes"
"TB-000001","2026-08-18","Acme Corp","PRJ-535","M. Rivera","QA Regression","2.77","108","299.16","True","Rejected","Work item 3431"
"TB-000002","2026-04-29","Contoso Ltd","PRJ-109","J. Carter","API Integration","4.05","129","522.45","True","Draft","Work item 1457"
"TB-000003","2026-06-30","Acme Corp","PRJ-881","S. Patel","QA Regression","1.96","136","266.56","True","Paid","Work item 9031"
"TB-000004","2026-06-24","Fabrikam Inc","PRJ-630","D. Kim","QA Regression","5.79","110","636.9","True","Paid","Work item 7874"
"TB-000005","2026-06-30","Northwind LLC","PRJ-533","D. Kim","QA Regression","2.09","214","447.26","False","Paid","Work item 9854"
"TB-000006","2026-05-20","Acme Corp","PRJ-583","S. Patel","QA Regression","6.23","171","1065.33","True","Draft","Work item 5939"
"TB-000007","2026-06-19","Acme Corp","PRJ-607","A. Singh","Report Build","5.69","138","785.22","False","Rejected","Work item 3961"
"TB-000008","2026-08-17","Northwind LLC","PRJ-854","A. Singh","Report Build","3.36","131","440.16","False","Paid","Work item 3342"
"TB-000009","2026-07-03","Fabrikam Inc","PRJ-215","J. Carter","API Integration","2.8","179","501.2","True","Submitted","Work item 7042"
"TB-000010","2026-05-30","Acme Corp","PRJ-164","S. Patel","UI Prototype","7.73","184","1422.32","True","Rejected","Work item 2763"
"TB-000011","2026-07-27","Contoso Ltd","PRJ-641","M. Rivera","UI Prototype","6.41","143","916.63","True","Submitted","Work item 3713"
"TB-000012","2026-07-30","BlueYonder Co","PRJ-318","S. Patel","Report Build","7.96","169","1345.24","True","Rejected","Work item 5494"
"TB-000013","2026-05-03","Acme Corp","PRJ-428","D. Kim","QA Regression","7.31","145","1059.95","True","Submitted","Work item 1204"
"TB-000014","2026-07-20","Contoso Ltd","PRJ-524","S. Patel","UI Prototype","6.77","161","1089.97","False","Draft","Work item 7368"
"TB-000015","2026-08-15","BlueYonder Co","PRJ-708","A. Singh","UI Prototype","4.15","210","871.5","True","Rejected","Work item 1693"
"TB-000016","2026-07-09","Northwind LLC","PRJ-359","A. Singh","UI Prototype","6.96","171","1190.16","False","Draft","Work item 9624"
"TB-000017","2026-08-05","Northwind LLC","PRJ-518","M. Rivera","API Integration","6.48","167","1082.16","True","Approved","Work item 4328"
"TB-000018","2026-06-17","Northwind LLC","PRJ-112","S. Patel","API Integration","4.51","213","960.63","False","Approved","Work item 1216"
"TB-000019","2026-08-10","Northwind LLC","PRJ-244","J. Carter","Data Cleanup","1.37","193","264.41","True","Draft","Work item 2160"
"TB-000020","2026-05-04","Northwind LLC","PRJ-918","S. Patel","QA Regression","3.42","139","475.38","True","Approved","Work item 3231"
"TB-000021","2026-07-09","Contoso Ltd","PRJ-587","S. Patel","Data Cleanup","0.58","193","111.94","False","Submitted","Work item 3796"
"TB-000022","2026-06-18","Acme Corp","PRJ-857","S. Patel","UI Prototype","7.82","149","1165.18","True","Draft","Work item 3412"
"TB-000023","2026-06-23","Northwind LLC","PRJ-981","J. Carter","Data Cleanup","2.39","130","310.7","True","Submitted","Work item 2234"
"TB-000024","2026-06-23","Northwind LLC","PRJ-111","A. Singh","UI Prototype","2.07","161","333.27","True","Paid","Work item 3231"
"TB-000025","2026-06-01","BlueYonder Co","PRJ-237","S. Patel","Report Build","1.45","92","133.4","True","Submitted","Work item 9269"
"TB-000026","2026-06-03","Northwind LLC","PRJ-995","D. Kim","API Integration","3.39","194","657.66","False","Approved","Work item 4673"
"TB-000027","2026-05-24","Acme Corp","PRJ-190","M. Rivera","Report Build","7.26","184","1335.84","True","Draft","Work item 5800"
"TB-000028","2026-07-21","BlueYonder Co","PRJ-226","J. Carter","QA Regression","4.79","199","953.21","True","Draft","Work item 1629"
"TB-000029","2026-05-04","Contoso Ltd","PRJ-775","A. Singh","Report Build","2.71","101","273.71","True","Submitted","Work item 4046"
"TB-000030","2026-08-08","Northwind LLC","PRJ-411","A. Singh","API Integration","0.71","129","91.59","True","Paid","Work item 7660"
"TB-000031","2026-05-13","BlueYonder Co","PRJ-412","M. Rivera","UI Prototype","7.65","156","1193.4","True","Draft","Work item 8178"
"TB-000032","2026-05-04","Contoso Ltd","PRJ-202","D. Kim","QA Regression","0.82","171","140.22","True","Submitted","Work item 7346"
"TB-000033","2026-08-18","Fabrikam Inc","PRJ-554","A. Singh","QA Regression","4.55","172","782.6","False","Approved","Work item 7767"
"TB-000034","2026-05-14","Contoso Ltd","PRJ-204","D. Kim","API Integration","7.37","95","700.15","False","Draft","Work item 2962"
"TB-000035","2026-07-27","Contoso Ltd","PRJ-366","A. Singh","API Integration","7","91","637","True","Draft","Work item 6084"
"TB-000036","2026-08-06","Acme Corp","PRJ-280","A. Singh","UI Prototype","4.94","212","1047.28","False","Submitted","Work item 1981"
"TB-000037","2026-07-19","Northwind LLC","PRJ-892","S. Patel","QA Regression","6.66","152","1012.32","True","Submitted","Work item 4149"
"TB-000038","2026-07-26","Acme Corp","PRJ-853","M. Rivera","UI Prototype","4.4","181","796.4","True","Submitted","Work item 2094"
"TB-000039","2026-05-11","BlueYonder Co","PRJ-243","S. Patel","Report Build","6.83","85","580.55","True","Submitted","Work item 8264"
"TB-000040","2026-05-29","BlueYonder Co","PRJ-456","A. Singh","QA Regression","2.66","98","260.68","True","Approved","Work item 3980"
"TB-000041","2026-07-08","Fabrikam Inc","PRJ-141","S. Patel","QA Regression","4.93","201","990.93","True","Submitted","Work item 7381"
"TB-000042","2026-05-25","Northwind LLC","PRJ-338","S. Patel","QA Regression","7.28","203","1477.84","True","Draft","Work item 9202"
"TB-000043","2026-07-17","Contoso Ltd","PRJ-155","M. Rivera","Report Build","0.83","88","73.04","True","Paid","Work item 5250"
"TB-000044","2026-08-22","Acme Corp","PRJ-576","S. Patel","QA Regression","6.12","150","918","False","Rejected","Work item 3550"
"TB-000045","2026-06-22","Contoso Ltd","PRJ-912","M. Rivera","API Integration","2.55","212","540.6","True","Paid","Work item 6198"
"TB-000046","2026-05-25","Fabrikam Inc","PRJ-358","M. Rivera","UI Prototype","6.1","137","835.7","True","Paid","Work item 6616"
"TB-000047","2026-08-01","Fabrikam Inc","PRJ-962","M. Rivera","Report Build","7.17","142","1018.14","True","Paid","Work item 3556"
"TB-000048","2026-07-02","BlueYonder Co","PRJ-673","J. Carter","UI Prototype","2.09","156","326.04","True","Paid","Work item 6865"
"TB-000049","2026-06-19","Northwind LLC","PRJ-751","A. Singh","QA Regression","1.17","151","176.67","True","Paid","Work item 9657"
"TB-000050","2026-07-13","Northwind LLC","PRJ-454","S. Patel","QA Regression","3.81","181","689.61","True","Approved","Work item 5355"
"TB-000051","2026-05-21","Contoso Ltd","PRJ-429","A. Singh","Report Build","4.65","170","790.5","True","Draft","Work item 2693"
"TB-000052","2026-07-21","Acme Corp","PRJ-580","A. Singh","Report Build","1.05","181","190.05","True","Draft","Work item 6405"
"TB-000053","2026-05-06","Fabrikam Inc","PRJ-857","M. Rivera","Data Cleanup","5.73","152","870.96","False","Approved","Work item 8117"
"TB-000054","2026-07-21","Acme Corp","PRJ-188","M. Rivera","QA Regression","3.09","184","568.56","False","Rejected","Work item 5583"
"TB-000055","2026-07-16","Contoso Ltd","PRJ-898","D. Kim","UI Prototype","3.59","197","707.23","True","Paid","Work item 9961"
"TB-000056","2026-05-31","BlueYonder Co","PRJ-806","J. Carter","QA Regression","7.85","188","1475.8","False","Approved","Work item 8854"
"TB-000057","2026-07-07","Northwind LLC","PRJ-857","A. Singh","UI Prototype","0.79","191","150.89","False","Rejected","Work item 1692"
"TB-000058","2026-08-07","Contoso Ltd","PRJ-269","S. Patel","Data Cleanup","5.77","184","1061.68","True","Rejected","Work item 2024"
"TB-000059","2026-07-06","Contoso Ltd","PRJ-829","M. Rivera","Data Cleanup","0.96","207","198.72","True","Submitted","Work item 1393"
"TB-000060","2026-06-20","BlueYonder Co","PRJ-523","D. Kim","UI Prototype","6.08","171","1039.68","False","Paid","Work item 5981"
"TB-000061","2026-07-21","Fabrikam Inc","PRJ-363","A. Singh","QA Regression","2.78","120","333.6","False","Paid","Work item 9318"
"TB-000062","2026-07-31","Contoso Ltd","PRJ-829","J. Carter","API Integration","7.16","136","973.76","True","Approved","Work item 3383"
"TB-000063","2026-05-16","BlueYonder Co","PRJ-398","J. Carter","Data Cleanup","2.81","94","264.14","False","Draft","Work item 6070"
"TB-000064","2026-06-16","Northwind LLC","PRJ-828","D. Kim","QA Regression","3.74","94","351.56","True","Draft","Work item 6129"
"TB-000065","2026-06-13","Contoso Ltd","PRJ-240","A. Singh","UI Prototype","7.66","199","1524.34","False","Draft","Work item 4029"
"TB-000066","2026-06-05","Contoso Ltd","PRJ-320","A. Singh","UI Prototype","2.35","153","359.55","True","Submitted","Work item 3070"
"TB-000067","2026-08-11","Acme Corp","PRJ-542","S. Patel","Report Build","0.84","144","120.96","True","Paid","Work item 1145"
"TB-000068","2026-05-29","BlueYonder Co","PRJ-378","M. Rivera","UI Prototype","4.39","171","750.69","True","Paid","Work item 9758"
"TB-000069","2026-08-22","Fabrikam Inc","PRJ-385","S. Patel","API Integration","5.22","102","532.44","False","Draft","Work item 6221"
"TB-000070","2026-07-08","BlueYonder Co","PRJ-571","M. Rivera","QA Regression","3.23","120","387.6","True","Rejected","Work item 4045"
"TB-000071","2026-07-07","Acme Corp","PRJ-834","D. Kim","QA Regression","4.65","155","720.75","True","Draft","Work item 8086"
"TB-000072","2026-06-17","Northwind LLC","PRJ-640","S. Patel","UI Prototype","6.18","85","525.3","True","Rejected","Work item 6142"
"TB-000073","2026-05-14","Acme Corp","PRJ-685","A. Singh","API Integration","3.66","181","662.46","True","Submitted","Work item 8186"
"TB-000074","2026-06-24","Contoso Ltd","PRJ-477","J. Carter","QA Regression","5.88","92","540.96","True","Rejected","Work item 7418"
"TB-000075","2026-05-06","Northwind LLC","PRJ-839","A. Singh","QA Regression","1.54","162","249.48","False","Submitted","Work item 6453"
"TB-000076","2026-06-20","Northwind LLC","PRJ-925","S. Patel","QA Regression","1.17","133","155.61","True","Approved","Work item 6062"
"TB-000077","2026-06-27","Northwind LLC","PRJ-163","D. Kim","UI Prototype","3.18","87","276.66","False","Rejected","Work item 5482"
"TB-000078","2026-06-29","Acme Corp","PRJ-489","S. Patel","QA Regression","2","157","314","True","Submitted","Work item 3633"
"TB-000079","2026-07-07","Fabrikam Inc","PRJ-737","A. Singh","UI Prototype","4.68","114","533.52","False","Approved","Work item 6207"
"TB-000080","2026-07-08","Northwind LLC","PRJ-420","J. Carter","Data Cleanup","3.75","138","517.5","True","Draft","Work item 2082"
"TB-000081","2026-08-15","BlueYonder Co","PRJ-464","M. Rivera","Report Build","6.98","162","1130.76","True","Rejected","Work item 1671"
"TB-000082","2026-08-17","Acme Corp","PRJ-104","J. Carter","QA Regression","0.88","95","83.6","True","Paid","Work item 7405"
"TB-000083","2026-06-14","Northwind LLC","PRJ-158","S. Patel","Data Cleanup","1.96","129","252.84","False","Paid","Work item 3815"
"TB-000084","2026-07-08","Acme Corp","PRJ-485","S. Patel","Data Cleanup","6.17","118","728.06","True","Submitted","Work item 2428"
"TB-000085","2026-07-25","Contoso Ltd","PRJ-575","A. Singh","API Integration","4.03","100","403","True","Submitted","Work item 2967"
"TB-000086","2026-05-11","Contoso Ltd","PRJ-932","M. Rivera","Report Build","4.3","128","550.4","True","Paid","Work item 6391"
"TB-000087","2026-06-14","Contoso Ltd","PRJ-386","S. Patel","QA Regression","3.56","188","669.28","True","Paid","Work item 1205"
"TB-000088","2026-07-01","Contoso Ltd","PRJ-316","J. Carter","Data Cleanup","8","94","752","False","Rejected","Work item 7379"
"TB-000089","2026-05-23","Contoso Ltd","PRJ-824","M. Rivera","API Integration","4.09","212","867.08","True","Submitted","Work item 9038"
"TB-000090","2026-05-27","Fabrikam Inc","PRJ-774","D. Kim","UI Prototype","0.52","142","73.84","True","Draft","Work item 7529"
"TB-000091","2026-07-03","Northwind LLC","PRJ-296","M. Rivera","Report Build","5.56","139","772.84","True","Submitted","Work item 8621"
"TB-000092","2026-05-12","Acme Corp","PRJ-208","M. Rivera","Report Build","3.96","197","780.12","False","Paid","Work item 8935"
"TB-000093","2026-05-31","BlueYonder Co","PRJ-118","M. Rivera","API Integration","3.75","188","705","True","Paid","Work item 5808"
"TB-000094","2026-08-23","Acme Corp","PRJ-130","J. Carter","UI Prototype","4.68","141","659.88","True","Submitted","Work item 4348"
"TB-000095","2026-06-05","Northwind LLC","PRJ-487","J. Carter","UI Prototype","4.76","219","1042.44","True","Approved","Work item 3562"
"TB-000096","2026-05-13","Northwind LLC","PRJ-362","S. Patel","QA Regression","5.91","153","904.23","True","Submitted","Work item 6805"
"TB-000097","2026-06-12","Fabrikam Inc","PRJ-359","J. Carter","Report Build","1.28","103","131.84","True","Draft","Work item 1409"
"TB-000098","2026-06-07","Contoso Ltd","PRJ-381","M. Rivera","Data Cleanup","7.69","156","1199.64","True","Approved","Work item 8690"
"TB-000099","2026-08-08","Contoso Ltd","PRJ-831","J. Carter","UI Prototype","0.65","176","114.4","True","Rejected","Work item 2111"
"TB-000100","2026-08-05","Fabrikam Inc","PRJ-340","M. Rivera","API Integration","3.39","212","718.68","True","Draft","Work item 4466"
"TB-000101","2026-06-14","Contoso Ltd","PRJ-393","J. Carter","Report Build","3.03","192","581.76","True","Rejected","Work item 8721"
"TB-000102","2026-08-10","Contoso Ltd","PRJ-661","M. Rivera","Report Build","6.64","131","869.84","False","Rejected","Work item 3144"
"TB-000103","2026-05-04","BlueYonder Co","PRJ-694","J. Carter","API Integration","4.22","94","396.68","True","Draft","Work item 8929"
"TB-000104","2026-07-23","Acme Corp","PRJ-564","A. Singh","Data Cleanup","0.86","102","87.72","True","Draft","Work item 6574"
"TB-000105","2026-05-18","BlueYonder Co","PRJ-374","J. Carter","Report Build","1.97","98","193.06","True","Draft","Work item 8564"
"TB-000106","2026-08-16","BlueYonder Co","PRJ-899","A. Singh","Report Build","3.74","118","441.32","True","Rejected","Work item 3815"
"TB-000107","2026-07-20","Acme Corp","PRJ-828","D. Kim","Data Cleanup","6.7","208","1393.6","False","Rejected","Work item 4595"
"TB-000108","2026-04-27","Northwind LLC","PRJ-137","A. Singh","API Integration","3.11","141","438.51","True","Paid","Work item 6592"
"TB-000109","2026-05-15","Northwind LLC","PRJ-503","S. Patel","Data Cleanup","1.91","173","330.43","True","Draft","Work item 3245"
"TB-000110","2026-06-02","BlueYonder Co","PRJ-812","A. Singh","Report Build","3.24","140","453.6","True","Draft","Work item 6522"
"TB-000111","2026-05-22","Fabrikam Inc","PRJ-542","J. Carter","API Integration","7.71","187","1441.77","True","Paid","Work item 5465"
"TB-000112","2026-08-20","Northwind LLC","PRJ-212","J. Carter","Data Cleanup","0.61","204","124.44","True","Paid","Work item 1066"
"TB-000113","2026-05-09","Fabrikam Inc","PRJ-130","S. Patel","QA Regression","5.28","172","908.16","False","Approved","Work item 7861"
"TB-000114","2026-05-18","Acme Corp","PRJ-693","M. Rivera","Report Build","4.88","151","736.88","False","Rejected","Work item 4880"
"TB-000115","2026-06-10","Fabrikam Inc","PRJ-311","M. Rivera","API Integration","4.64","119","552.16","True","Paid","Work item 6586"
"TB-000116","2026-08-06","Acme Corp","PRJ-977","A. Singh","Report Build","2.06","196","403.76","False","Paid","Work item 6029"
"TB-000117","2026-07-18","Acme Corp","PRJ-919","M. Rivera","Data Cleanup","2.72","96","261.12","False","Paid","Work item 7293"
"TB-000118","2026-08-05","Acme Corp","PRJ-508","A. Singh","Data Cleanup","2.77","208","576.16","True","Approved","Work item 6009"
"TB-000119","2026-07-01","BlueYonder Co","PRJ-598","D. Kim","API Integration","4.68","125","585","True","Draft","Work item 4128"
"TB-000120","2026-06-26","Northwind LLC","PRJ-221","M. Rivera","Report Build","4.7","188","883.6","True","Paid","Work item 7397"
"TB-000121","2026-05-19","Acme Corp","PRJ-386","A. Singh","QA Regression","3.55","132","468.6","True","Paid","Work item 6359"
"TB-000122","2026-06-06","Acme Corp","PRJ-101","S. Patel","QA Regression","2.7","171","461.7","True","Approved","Work item 2369"
"TB-000123","2026-04-28","Northwind LLC","PRJ-224","M. Rivera","UI Prototype","1.89","138","260.82","True","Draft","Work item 9913"
"TB-000124","2026-06-30","Fabrikam Inc","PRJ-234","A. Singh","UI Prototype","3.8","142","539.6","True","Approved","Work item 3364"
"TB-000125","2026-04-29","Contoso Ltd","PRJ-148","S. Patel","Data Cleanup","1.26","134","168.84","True","Submitted","Work item 2223"
"TB-000126","2026-08-11","Fabrikam Inc","PRJ-572","J. Carter","API Integration","6.72","150","1008","True","Rejected","Work item 8018"
"TB-000127","2026-05-05","Fabrikam Inc","PRJ-239","S. Patel","Data Cleanup","7.04","186","1309.44","True","Rejected","Work item 8150"
"TB-000128","2026-05-07","Northwind LLC","PRJ-145","S. Patel","UI Prototype","4.38","110","481.8","True","Submitted","Work item 2960"
"TB-000129","2026-06-08","BlueYonder Co","PRJ-244","S. Patel","API Integration","3.76","88","330.88","True","Submitted","Work item 2283"
"TB-000130","2026-06-16","Fabrikam Inc","PRJ-451","A. Singh","UI Prototype","6.83","210","1434.3","True","Submitted","Work item 2658"
"TB-000131","2026-07-02","Contoso Ltd","PRJ-655","D. Kim","UI Prototype","6.1","108","658.8","True","Approved","Work item 7337"
"TB-000132","2026-07-14","Fabrikam Inc","PRJ-410","S. Patel","Data Cleanup","4.9","195","955.5","False","Approved","Work item 2806"
"TB-000133","2026-05-30","BlueYonder Co","PRJ-954","M. Rivera","QA Regression","4.71","127","598.17","False","Rejected","Work item 7310"
"TB-000134","2026-07-24","Acme Corp","PRJ-523","A. Singh","UI Prototype","3.43","104","356.72","False","Submitted","Work item 5676"
"TB-000135","2026-07-19","Contoso Ltd","PRJ-600","J. Carter","UI Prototype","3.37","140","471.8","True","Approved","Work item 5885"
"TB-000136","2026-05-28","Acme Corp","PRJ-660","M. Rivera","UI Prototype","2.35","139","326.65","True","Approved","Work item 1248"
"TB-000137","2026-08-16","BlueYonder Co","PRJ-382","M. Rivera","UI Prototype","0.7","141","98.7","True","Draft","Work item 1783"
"TB-000138","2026-05-28","Acme Corp","PRJ-835","J. Carter","Data Cleanup","2.52","208","524.16","True","Submitted","Work item 9294"
"TB-000139","2026-05-28","Northwind LLC","PRJ-508","S. Patel","UI Prototype","0.57","178","101.46","False","Submitted","Work item 1340"
"TB-000140","2026-06-05","Northwind LLC","PRJ-542","S. Patel","API Integration","6.51","212","1380.12","True","Draft","Work item 2029"
"TB-000141","2026-05-27","Northwind LLC","PRJ-345","A. Singh","QA Regression","4.06","119","483.14","True","Submitted","Work item 5274"
"TB-000142","2026-07-09","Contoso Ltd","PRJ-116","A. Singh","QA Regression","3.66","117","428.22","True","Approved","Work item 3957"
"TB-000143","2026-05-06","Acme Corp","PRJ-357","A. Singh","API Integration","0.76","135","102.6","True","Approved","Work item 8705"
"TB-000144","2026-08-21","Acme Corp","PRJ-501","D. Kim","Report Build","6.54","160","1046.4","True","Draft","Work item 2133"
"TB-000145","2026-05-07","BlueYonder Co","PRJ-653","M. Rivera","UI Prototype","2.88","178","512.64","False","Submitted","Work item 2398"
"TB-000146","2026-08-19","BlueYonder Co","PRJ-171","J. Carter","API Integration","2.55","160","408","True","Draft","Work item 9511"
"TB-000147","2026-08-02","Contoso Ltd","PRJ-702","S. Patel","API Integration","1.13","110","124.3","True","Draft","Work item 3413"
"TB-000148","2026-05-24","Northwind LLC","PRJ-110","A. Singh","UI Prototype","3.42","123","420.66","True","Approved","Work item 7549"
"TB-000149","2026-07-27","Northwind LLC","PRJ-623","A. Singh","UI Prototype","6.28","107","671.96","False","Draft","Work item 4141"
"TB-000150","2026-07-12","Acme Corp","PRJ-138","J. Carter","UI Prototype","3.61","132","476.52","True","Submitted","Work item 7810"
"TB-000151","2026-05-04","BlueYonder Co","PRJ-788","S. Patel","QA Regression","3.07","126","386.82","True","Rejected","Work item 7624"
"TB-000152","2026-08-16","Northwind LLC","PRJ-257","S. Patel","Report Build","5.23","130","679.9","True","Rejected","Work item 4817"
"TB-000153","2026-08-02","Fabrikam Inc","PRJ-866","J. Carter","Report Build","3.08","92","283.36","True","Submitted","Work item 8963"
"TB-000154","2026-05-27","Fabrikam Inc","PRJ-446","M. Rivera","API Integration","6.78","215","1457.7","True","Paid","Work item 6339"
"TB-000155","2026-07-18","Northwind LLC","PRJ-746","J. Carter","API Integration","3.96","184","728.64","False","Rejected","Work item 2101"
"TB-000156","2026-06-05","BlueYonder Co","PRJ-470","A. Singh","Data Cleanup","1.77","178","315.06","False","Draft","Work item 7539"
"TB-000157","2026-06-20","BlueYonder Co","PRJ-907","D. Kim","UI Prototype","0.98","95","93.1","True","Rejected","Work item 7438"
"TB-000158","2026-07-31","Northwind LLC","PRJ-965","D. Kim","QA Regression","5.7","179","1020.3","True","Draft","Work item 7971"
"TB-000159","2026-05-18","Acme Corp","PRJ-743","J. Carter","API Integration","6.21","204","1266.84","True","Submitted","Work item 1864"
"TB-000160","2026-08-08","BlueYonder Co","PRJ-575","A. Singh","Data Cleanup","3.04","96","291.84","True","Approved","Work item 1506"
"TB-000161","2026-08-11","Acme Corp","PRJ-485","M. Rivera","UI Prototype","4.14","217","898.38","True","Rejected","Work item 8277"
"TB-000162","2026-08-17","Northwind LLC","PRJ-967","J. Carter","API Integration","4.64","119","552.16","True","Submitted","Work item 7768"
"TB-000163","2026-05-03","BlueYonder Co","PRJ-438","D. Kim","UI Prototype","3.24","176","570.24","True","Paid","Work item 6182"
"TB-000164","2026-07-02","Acme Corp","PRJ-360","D. Kim","QA Regression","3.54","137","484.98","True","Paid","Work item 3183"
"TB-000165","2026-08-19","Contoso Ltd","PRJ-589","J. Carter","Data Cleanup","5.46","201","1097.46","True","Rejected","Work item 4124"
"TB-000166","2026-08-13","Fabrikam Inc","PRJ-721","S. Patel","Data Cleanup","1.48","188","278.24","True","Paid","Work item 8391"
"TB-000167","2026-05-29","Northwind LLC","PRJ-462","J. Carter","Report Build","7.37","106","781.22","False","Draft","Work item 2636"
"TB-000168","2026-05-26","Acme Corp","PRJ-182","M. Rivera","QA Regression","3.61","167","602.87","True","Submitted","Work item 3624"
"TB-000169","2026-07-06","Northwind LLC","PRJ-499","D. Kim","API Integration","4.91","188","923.08","True","Submitted","Work item 5356"
"TB-000170","2026-05-15","BlueYonder Co","PRJ-394","M. Rivera","Data Cleanup","6.11","150","916.5","True","Draft","Work item 4442"
"TB-000171","2026-05-28","Fabrikam Inc","PRJ-938","M. Rivera","Data Cleanup","2.55","216","550.8","False","Approved","Work item 2688"
"TB-000172","2026-04-28","Contoso Ltd","PRJ-309","J. Carter","QA Regression","1.79","171","306.09","True","Rejected","Work item 7883"
"TB-000173","2026-05-31","Contoso Ltd","PRJ-490","S. Patel","QA Regression","7.04","90","633.6","True","Paid","Work item 6307"
"TB-000174","2026-07-26","BlueYonder Co","PRJ-115","D. Kim","Data Cleanup","3.3","203","669.9","True","Approved","Work item 9302"
"TB-000175","2026-08-02","Acme Corp","PRJ-381","J. Carter","UI Prototype","5.19","111","576.09","True","Paid","Work item 2585"
"TB-000176","2026-05-08","Northwind LLC","PRJ-558","A. Singh","API Integration","6.15","187","1150.05","False","Submitted","Work item 1071"
"TB-000177","2026-07-06","BlueYonder Co","PRJ-832","A. Singh","API Integration","6.21","101","627.21","False","Approved","Work item 6581"
"TB-000178","2026-05-03","BlueYonder Co","PRJ-225","D. Kim","Report Build","1.42","94","133.48","True","Submitted","Work item 3967"
"TB-000179","2026-07-23","Contoso Ltd","PRJ-851","D. Kim","Report Build","3.7","141","521.7","True","Submitted","Work item 8046"
"TB-000180","2026-07-10","Contoso Ltd","PRJ-244","M. Rivera","QA Regression","3.15","201","633.15","True","Submitted","Work item 1194"
"TB-000181","2026-05-14","Acme Corp","PRJ-148","D. Kim","Report Build","5.81","141","819.21","True","Submitted","Work item 8524"
"TB-000182","2026-05-08","BlueYonder Co","PRJ-622","A. Singh","Report Build","3.4","177","601.8","True","Draft","Work item 2808"
"TB-000183","2026-06-03","Fabrikam Inc","PRJ-339","A. Singh","QA Regression","2.88","156","449.28","True","Paid","Work item 6717"
"TB-000184","2026-07-26","Northwind LLC","PRJ-659","J. Carter","UI Prototype","7.17","172","1233.24","True","Approved","Work item 2369"
"TB-000185","2026-06-11","Contoso Ltd","PRJ-456","D. Kim","Report Build","6.52","218","1421.36","True","Rejected","Work item 8346"
"TB-000186","2026-08-19","Acme Corp","PRJ-733","J. Carter","QA Regression","5.39","203","1094.17","False","Paid","Work item 8171"
"TB-000187","2026-07-29","Fabrikam Inc","PRJ-951","D. Kim","UI Prototype","7.95","122","969.9","True","Submitted","Work item 6132"
"TB-000188","2026-06-30","Acme Corp","PRJ-458","A. Singh","Report Build","6.37","164","1044.68","False","Submitted","Work item 6378"
"TB-000189","2026-06-02","BlueYonder Co","PRJ-984","J. Carter","QA Regression","2.71","122","330.62","False","Approved","Work item 5003"
"TB-000190","2026-06-23","Fabrikam Inc","PRJ-242","M. Rivera","QA Regression","2.62","140","366.8","False","Paid","Work item 6920"
"TB-000191","2026-08-17","Northwind LLC","PRJ-130","J. Carter","UI Prototype","2.24","125","280","False","Paid","Work item 4408"
"TB-000192","2026-05-15","Acme Corp","PRJ-551","D. Kim","UI Prototype","2.53","166","419.98","True","Paid","Work item 9414"
"TB-000193","2026-08-09","BlueYonder Co","PRJ-358","A. Singh","Data Cleanup","1.53","127","194.31","True","Rejected","Work item 8893"
"TB-000194","2026-06-24","Fabrikam Inc","PRJ-428","S. Patel","API Integration","4.64","204","946.56","True","Rejected","Work item 9293"
"TB-000195","2026-07-08","Acme Corp","PRJ-256","D. Kim","UI Prototype","4.96","160","793.6","True","Draft","Work item 5012"
"TB-000196","2026-07-08","Fabrikam Inc","PRJ-567","S. Patel","Data Cleanup","7.51","152","1141.52","False","Rejected","Work item 6975"
"TB-000197","2026-07-31","BlueYonder Co","PRJ-843","A. Singh","Data Cleanup","7.96","167","1329.32","False","Paid","Work item 5552"
"TB-000198","2026-07-13","Fabrikam Inc","PRJ-405","M. Rivera","Report Build","4.21","106","446.26","True","Paid","Work item 6461"
"TB-000199","2026-06-07","Northwind LLC","PRJ-947","J. Carter","UI Prototype","6.5","177","1150.5","True","Draft","Work item 5034"
"TB-000200","2026-07-01","Northwind LLC","PRJ-932","S. Patel","API Integration","6.72","92","618.24","True","Submitted","Work item 8110"
"TB-000201","2026-06-13","Fabrikam Inc","PRJ-954","D. Kim","Data Cleanup","4.95","136","673.2","True","Submitted","Work item 9457"
"TB-000202","2026-07-04","Northwind LLC","PRJ-877","A. Singh","Report Build","7.99","111","886.89","True","Rejected","Work item 8001"
"TB-000203","2026-08-17","Northwind LLC","PRJ-708","M. Rivera","QA Regression","7.2","118","849.6","False","Paid","Work item 4210"
"TB-000204","2026-06-08","BlueYonder Co","PRJ-112","M. Rivera","Data Cleanup","2.18","135","294.3","False","Approved","Work item 2503"
"TB-000205","2026-06-26","Acme Corp","PRJ-504","D. Kim","QA Regression","7.27","192","1395.84","False","Submitted","Work item 6544"
"TB-000206","2026-06-09","Contoso Ltd","PRJ-906","A. Singh","API Integration","0.71","159","112.89","True","Rejected","Work item 5615"
"TB-000207","2026-05-06","BlueYonder Co","PRJ-743","D. Kim","UI Prototype","1.02","90","91.8","True","Submitted","Work item 4995"
"TB-000208","2026-07-13","Fabrikam Inc","PRJ-886","J. Carter","QA Regression","2.25","212","477","True","Rejected","Work item 1365"
"TB-000209","2026-05-30","Acme Corp","PRJ-395","D. Kim","QA Regression","6.59","169","1113.71","False","Draft","Work item 7048"
"TB-000210","2026-08-19","BlueYonder Co","PRJ-187","S. Patel","Report Build","1.27","192","243.84","True","Approved","Work item 8421"
"TB-000211","2026-05-30","BlueYonder Co","PRJ-444","J. Carter","Data Cleanup","1.18","102","120.36","True","Paid","Work item 8175"
"TB-000212","2026-07-07","BlueYonder Co","PRJ-729","M. Rivera","API Integration","4.92","145","713.4","True","Paid","Work item 1409"
"TB-000213","2026-07-01","Fabrikam Inc","PRJ-407","M. Rivera","Report Build","7.18","145","1041.1","True","Paid","Work item 1087"
"TB-000214","2026-07-08","Acme Corp","PRJ-954","D. Kim","Report Build","2.21","116","256.36","True","Paid","Work item 3189"
"TB-000215","2026-07-05","Northwind LLC","PRJ-174","D. Kim","API Integration","4.05","197","797.85","False","Submitted","Work item 6891"
"TB-000216","2026-05-13","Contoso Ltd","PRJ-939","D. Kim","QA Regression","4.63","99","458.37","False","Approved","Work item 9537"
"TB-000217","2026-07-25","Fabrikam Inc","PRJ-612","A. Singh","Data Cleanup","1.89","189","357.21","True","Rejected","Work item 1182"
"TB-000218","2026-04-28","Contoso Ltd","PRJ-614","J. Carter","Data Cleanup","4.55","156","709.8","True","Paid","Work item 7180"
"TB-000219","2026-08-02","BlueYonder Co","PRJ-513","J. Carter","API Integration","0.79","190","150.1","True","Draft","Work item 3798"
"TB-000220","2026-08-03","BlueYonder Co","PRJ-151","D. Kim","UI Prototype","0.5","201","100.5","True","Paid","Work item 7561"
